{"coco/bbox_mAP": 0.624, "coco/bbox_mAP_50": 0.972, "coco/bbox_mAP_75": 0.712, "coco/bbox_mAP_s": -1.0, "coco/bbox_mAP_m": 0.208, "coco/bbox_mAP_l": 0.632, "data_time": 2.417157769203186, "time": 2.6817134303205155}