{"coco/bbox_mAP": 0.566, "coco/bbox_mAP_50": 0.964, "coco/bbox_mAP_75": 0.627, "coco/bbox_mAP_s": -1.0, "coco/bbox_mAP_m": 0.225, "coco/bbox_mAP_l": 0.574, "data_time": 8.833515644073486, "time": 9.0880125690909}