{"coco/bbox_mAP": 0.609, "coco/bbox_mAP_50": 0.97, "coco/bbox_mAP_75": 0.679, "coco/bbox_mAP_s": -1.0, "coco/bbox_mAP_m": 0.188, "coco/bbox_mAP_l": 0.618, "data_time": 2.411287405911614, "time": 2.655000991681043}