{"coco/bbox_mAP": 0.561, "coco/bbox_mAP_50": 0.958, "coco/bbox_mAP_75": 0.605, "coco/bbox_mAP_s": -1.0, "coco/bbox_mAP_m": 0.227, "coco/bbox_mAP_l": 0.569, "data_time": 10.611821202670827, "time": 10.885682049919577}