{"coco/bbox_mAP": 0.631, "coco/bbox_mAP_50": 0.971, "coco/bbox_mAP_75": 0.719, "coco/bbox_mAP_s": -1.0, "coco/bbox_mAP_m": 0.214, "coco/bbox_mAP_l": 0.642, "data_time": 4.720749392228968, "time": 4.91010911324445}