{"coco/bbox_mAP": 0.57, "coco/bbox_mAP_50": 0.949, "coco/bbox_mAP_75": 0.629, "coco/bbox_mAP_s": -1.0, "coco/bbox_mAP_m": 0.165, "coco/bbox_mAP_l": 0.584, "data_time": 9.46790038838106, "time": 10.144812625997206}